<?xml version="1.0" encoding="UTF-8"?>
<project-private xmlns="http://www.netbeans.org/ns/project-private/1">
    <editor-bookmarks xmlns="http://www.netbeans.org/ns/editor-bookmarks/2" lastBookmarkId="0"/>
    <open-files xmlns="http://www.netbeans.org/ns/projectui-open-files/2">
        <group>
            <file>file:/C:/Users/Administrator/Documents/NetBeansProjects/Volunteer%20Management%20System/src/volunteer/management/system/AddVolunteer.java</file>
            <file>file:/C:/Users/Administrator/Documents/NetBeansProjects/Volunteer%20Management%20System/src/volunteer/management/system/Home.java</file>
            <file>file:/C:/Users/Administrator/Documents/NetBeansProjects/Volunteer%20Management%20System/src/volunteer/management/system/Login.java</file>
            <file>file:/C:/Users/Administrator/Documents/NetBeansProjects/Volunteer%20Management%20System/src/volunteer/management/system/Splash.java</file>
            <file>file:/C:/Users/Administrator/Documents/NetBeansProjects/Volunteer%20Management%20System/src/volunteer/management/system/ViewVolunteer.java</file>
            <file>file:/C:/Users/Administrator/Documents/NetBeansProjects/Volunteer%20Management%20System/src/volunteer/management/system/Conn.java</file>
            <file>file:/C:/Users/Administrator/Documents/NetBeansProjects/Volunteer%20Management%20System/src/volunteer/management/system/UpdateVolunteer.java</file>
            <file>file:/C:/Users/Administrator/Documents/NetBeansProjects/Volunteer%20Management%20System/src/volunteer/management/system/RemoveVolunteer.java</file>
        </group>
    </open-files>
</project-private>
